P@1,R@1,P@3,R@3,F1@3,P@10,R@10,F1@10,MRR,MAP,NDCG@3,NDCG@10
8.1,2.699999999999997,9.133333333333317,9.133333333333317,9.133333333333317,7.9399999999999995,26.46666666666671,12.2153846153847,19.53142857142856,10.3391798941799,15.486979187014066,28.75869371720519
