P@1,P@3,R@3,F1@3,MRR,NDCG@10
3.088803088803089,4.1184041184041185,4.1184041184041185,4.1184041184041185,8.833272047557763,14.459060248465091
