P@1,P@3,R@3,F1@3,MRR,NDCG@10
13.127413127413126,8.365508365508362,8.365508365508362,8.365508365508362,20.438806153091885,25.821703965262145
