P@1,P@3,R@3,F1@3,MRR,NDCG@10
7.722007722007722,5.019305019305021,5.019305019305021,5.019305019305021,11.978458049886619,15.691170772331239
