P@1,P@3,R@3,F1@3,MRR,NDCG@10
13.900000000000002,12.199999999999957,12.199999999999957,12.199999999999957,24.434999999999967,32.179701462440654
