P@1,P@3,R@3,F1@3,MRR,NDCG@10
0.3861003861003861,1.673101673101673,1.673101673101673,1.673101673101673,3.991082919654347,7.42908553046636
