P@1,P@3,R@3,F1@3,MRR,NDCG@10
3.861003861003861,2.8314028314028303,2.8314028314028303,2.8314028314028303,6.173316173316174,7.686033955162988
