P@1,P@3,R@3,F1@3,MRR,NDCG@10
18.0,15.966666666666685,15.966666666666685,15.966666666666685,30.775079365079307,39.33278336857178
