P@1,P@3,R@3,F1@3,MRR,NDCG@10
17.760617760617762,12.226512226512218,12.226512226512218,12.226512226512218,26.04921247778392,31.83870606418275
