P@1,P@3,R@3,F1@3,MRR,NDCG@10
1.5444015444015444,3.0888030888030875,3.0888030888030875,3.0888030888030875,7.443310657596373,13.563634631634589
