P@1,P@3,R@3,F1@3,MRR,NDCG@10
13.100000000000001,10.833333333333307,10.833333333333307,10.833333333333307,23.055753968253946,30.500453239915938
