P@1,P@3,R@3,F1@3,MRR,NDCG@10
9.652509652509652,8.236808236808235,8.236808236808235,8.236808236808235,16.106974321260044,22.22120397001576
