P@1,P@3,R@3,F1@3,MRR,NDCG@10
14.671814671814673,10.424710424710415,10.424710424710415,10.424710424710415,23.281393638536514,29.288756636391383
