P@1,P@3,R@3,F1@3,MRR,NDCG@10
7.722007722007722,6.94980694980695,6.94980694980695,6.94980694980695,15.42838757124472,22.680937559473897
