P@1,P@3,R@3,F1@3,MRR,NDCG@10
4.633204633204633,4.761904761904764,4.761904761904764,4.761904761904764,9.007323650180794,12.807042766254343
