P@1,P@3,R@3,F1@3,MRR,NDCG@10
4.633204633204633,4.375804375804377,4.375804375804377,4.375804375804377,9.182907397193112,13.762385261979865
