P@1,P@3,R@3,F1@3,MRR,NDCG@10
5.4,5.533333333333346,5.533333333333346,5.533333333333346,13.275634920634927,20.234654158640428
