P@1,P@3,R@3,F1@3,MRR,NDCG@10
15.444015444015443,10.810810810810805,10.810810810810805,10.810810810810805,24.998467855610734,32.40132951952013
