P@1,P@3,R@3,F1@3,MRR,NDCG@10
10.81081081081081,7.335907335907338,7.335907335907338,7.335907335907338,17.48115462401178,23.04945723702474
